OrderID,CustomerID,ProductID,OrderDate,Quantity
1,2,11,2023-01-01,4
2,6,18,2023-01-03,4
3,42,10,2023-01-05,2
4,4,3,2023-01-07,3
5,29,7,2023-01-09,4
6,18,16,2023-01-11,1
7,26,16,2023-01-13,1
8,44,20,2023-01-15,1
9,34,17,2023-01-17,3
10,10,2,2023-01-19,3
11,36,1,2023-01-21,1
12,14,16,2023-01-23,4
13,31,12,2023-01-25,3
14,48,5,2023-01-27,1
15,15,5,2023-01-29,1
16,8,9,2023-01-31,4
17,14,9,2023-02-02,2
18,23,3,2023-02-04,3
19,40,19,2023-02-06,4
20,21,16,2023-02-08,1
21,16,16,2023-02-10,1
22,45,3,2023-02-12,4
23,18,20,2023-02-14,3
24,47,1,2023-02-16,2
25,24,20,2023-02-18,2
26,26,11,2023-02-20,1
27,25,17,2023-02-22,3
28,45,8,2023-02-24,2
29,41,4,2023-02-26,3
30,29,6,2023-02-28,3
31,15,8,2023-03-02,1
32,45,20,2023-03-04,2
33,1,3,2023-03-06,4
34,25,16,2023-03-08,1
35,7,3,2023-03-10,2
36,9,18,2023-03-12,2
37,24,14,2023-03-14,2
38,1,18,2023-03-16,2
39,44,2,2023-03-18,2
40,8,3,2023-03-20,3
41,24,16,2023-03-22,1
42,11,9,2023-03-24,3
43,17,4,2023-03-26,4
44,8,1,2023-03-28,2
45,35,4,2023-03-30,1
46,35,1,2023-04-01,2
47,33,14,2023-04-03,1
48,5,16,2023-04-05,3
49,42,20,2023-04-07,1
50,39,8,2023-04-09,4
51,41,7,2023-04-11,4
52,28,3,2023-04-13,1
53,7,17,2023-04-15,1
54,9,1,2023-04-17,1
55,8,16,2023-04-19,1
56,12,12,2023-04-21,4
57,34,19,2023-04-23,2
58,33,14,2023-04-25,1
59,48,6,2023-04-27,1
60,23,6,2023-04-29,4
61,24,13,2023-05-01,4
62,37,19,2023-05-03,3
63,35,8,2023-05-05,1
64,44,2,2023-05-07,3
65,40,1,2023-05-09,4
66,22,15,2023-05-11,4
67,27,1,2023-05-13,2
68,35,5,2023-05-15,1
69,1,16,2023-05-17,3
70,35,19,2023-05-19,4
71,37,4,2023-05-21,4
72,47,3,2023-05-23,3
73,14,17,2023-05-25,2
74,3,17,2023-05-27,4
75,1,12,2023-05-29,1
76,5,14,2023-05-31,4
77,26,6,2023-06-02,1
78,14,3,2023-06-04,3
79,39,9,2023-06-06,1
80,27,5,2023-06-08,3
81,9,17,2023-06-10,1
82,15,14,2023-06-12,3
83,15,3,2023-06-14,1
84,26,1,2023-06-16,2
85,42,20,2023-06-18,1
86,13,1,2023-06-20,1
87,32,3,2023-06-22,2
88,39,18,2023-06-24,4
89,49,10,2023-06-26,4
90,32,3,2023-06-28,1
91,4,8,2023-06-30,2
92,30,14,2023-07-02,1
93,37,18,2023-07-04,3
94,23,15,2023-07-06,3
95,39,2,2023-07-08,1
96,45,10,2023-07-10,4
97,15,2,2023-07-12,4
98,43,17,2023-07-14,1
99,29,8,2023-07-16,1
100,36,1,2023-07-18,3
101,13,9,2023-07-20,4
102,32,11,2023-07-22,1
103,7,16,2023-07-24,3
104,22,7,2023-07-26,4
105,28,10,2023-07-28,2
106,2,3,2023-07-30,3
107,42,18,2023-08-01,4
108,45,13,2023-08-03,4
109,6,7,2023-08-05,3
110,28,4,2023-08-07,2
111,28,13,2023-08-09,3
112,44,20,2023-08-11,4
113,44,1,2023-08-13,1
114,20,8,2023-08-15,1
115,30,14,2023-08-17,3
116,11,16,2023-08-19,4
117,28,14,2023-08-21,1
118,25,12,2023-08-23,4
119,39,19,2023-08-25,3
120,33,15,2023-08-27,1
121,1,2,2023-08-29,4
122,27,2,2023-08-31,1
123,13,19,2023-09-02,3
124,41,17,2023-09-04,4
125,3,20,2023-09-06,1
126,39,10,2023-09-08,3
127,6,6,2023-09-10,1
128,8,15,2023-09-12,1
129,27,11,2023-09-14,2
130,9,5,2023-09-16,2
131,37,1,2023-09-18,3
132,33,8,2023-09-20,2
133,42,12,2023-09-22,3
134,44,12,2023-09-24,2
135,24,5,2023-09-26,1
136,15,7,2023-09-28,3
137,32,4,2023-09-30,3
138,32,6,2023-10-02,1
139,24,13,2023-10-04,3
140,41,20,2023-10-06,3
141,49,15,2023-10-08,2
142,49,3,2023-10-10,3
143,12,8,2023-10-12,4
144,39,20,2023-10-14,1
145,2,16,2023-10-16,2
146,3,13,2023-10-18,2
147,49,18,2023-10-20,4
148,37,10,2023-10-22,1
149,49,19,2023-10-24,1
150,17,17,2023-10-26,2
151,49,19,2023-10-28,3
152,2,5,2023-10-30,2
153,2,9,2023-11-01,1
154,28,12,2023-11-03,4
155,23,1,2023-11-05,2
156,37,1,2023-11-07,1
157,32,15,2023-11-09,2
158,33,2,2023-11-11,3
159,1,16,2023-11-13,2
160,19,8,2023-11-15,2
161,2,13,2023-11-17,1
162,44,1,2023-11-19,1
163,26,16,2023-11-21,1
164,32,7,2023-11-23,2
165,6,5,2023-11-25,3
166,32,3,2023-11-27,4
167,4,12,2023-11-29,4
168,11,16,2023-12-01,1
169,17,19,2023-12-03,1
170,38,5,2023-12-05,2
171,24,14,2023-12-07,4
172,5,5,2023-12-09,1
173,34,15,2023-12-11,3
174,6,17,2023-12-13,3
175,22,14,2023-12-15,1
176,11,20,2023-12-17,1
177,48,5,2023-12-19,4
178,16,12,2023-12-21,4
179,33,16,2023-12-23,2
180,9,16,2023-12-25,4
181,6,7,2023-12-27,3
182,16,4,2023-12-29,3
183,29,1,2023-12-31,1
184,3,5,2024-01-02,4
185,20,10,2024-01-04,2
186,36,5,2024-01-06,3
187,19,4,2024-01-08,3
188,26,2,2024-01-10,2
189,3,20,2024-01-12,2
190,19,10,2024-01-14,3
191,20,19,2024-01-16,3
192,32,1,2024-01-18,2
193,7,5,2024-01-20,3
194,41,13,2024-01-22,1
195,33,4,2024-01-24,1
196,40,16,2024-01-26,2
197,39,16,2024-01-28,4
198,18,2,2024-01-30,2
199,40,17,2024-02-01,2
200,1,20,2024-02-03,4
